{
  "p_24h_tail": {
    "key": "p_24h",
    "band": [
      0.01,
      0.05
    ],
    "label": "strategy band 0.01-0.05",
    "n": 195,
    "mean_price": 0.026433333333333333,
    "realized_winrate": 0.03076923076923077,
    "miscalibration": -0.004335897435897438,
    "net": -0.8455000000000004,
    "net_per_premium": -0.164031428848579,
    "net_per_collateral": -0.004453621497480848,
    "ci90": [
      -4.964,
      3.0
    ]
  },
  "p_72h_tail": {
    "key": "p_72h",
    "band": [
      0.01,
      0.05
    ],
    "label": "strategy band 0.01-0.05",
    "n": 349,
    "mean_price": 0.024749283667621774,
    "realized_winrate": 0.017191977077363897,
    "miscalibration": 0.007557306590257877,
    "net": 2.6374999999999993,
    "net_per_premium": 0.30535455861070904,
    "net_per_collateral": 0.007749091042638361,
    "ci90": [
      -1.661,
      6.5095
    ]
  },
  "p_168h_tail": {
    "key": "p_168h",
    "band": [
      0.01,
      0.05
    ],
    "label": "strategy band 0.01-0.05",
    "n": 543,
    "mean_price": 0.024558011049723757,
    "realized_winrate": 0.03130755064456722,
    "miscalibration": -0.006749539594843465,
    "net": -3.664999999999999,
    "net_per_premium": -0.274840644919385,
    "net_per_collateral": -0.006919467965600897,
    "ci90": [
      -10.496,
      2.7545
    ]
  },
  "p_72h_wide": {
    "key": "p_72h",
    "band": [
      0.01,
      0.1
    ],
    "label": "wider 0.01-0.10 (power)",
    "n": 528,
    "mean_price": 0.04053787878787879,
    "realized_winrate": 0.04734848484848485,
    "miscalibration": -0.006810606060606059,
    "net": -3.596,
    "net_per_premium": -0.16800598019061858,
    "net_per_collateral": -0.007098358455258234,
    "ci90": [
      -11.799,
      3.7295
    ]
  }
}